isbn,crn
978-1-1187723-9-3,10002
** E BOOK **,10007
** E BOOK **,10007
978-0-13-325103-6,10007
** E BOOK **,10009
** E BOOK **,10009
978-0-13-391029-2,10009
** E BOOK **,10033
978-1-4251131-4-8,10033
978-1-6129034-3-9,10033
** E BOOK **,10037
** E BOOK **,10037
978-0-13-254436-8,10037
978-0-19-936449-7,10050
978-0-19-936449-7,10052
978-0-345-43524-8,10071
978-1-4000521-8-9,10071
978-0-321-86215-0,10073
978-0-390-87009-4,10076
978-0-390-87009-4,10077
** E BOOK **,10080
** E BOOK **,10080
978-0-13-379680-3,10080
978-0-321-94891-5,10080
** E BOOK **,10082
** E BOOK **,10082
** E BOOK **,10082
978-0-07-181079-1,10082
978-0-07-337829-9,10082
** E BOOK **,10087
** E BOOK **,10087
** E BOOK **,10087
978-0-07-147227-2,10087
978-1-1331062-9-6,10087
978-1-1331085-1-1,10087
** E BOOK **,10088
** E BOOK **,10088
** E BOOK **,10088
978-0-07-147227-2,10088
978-1-1331062-9-6,10088
978-1-1331085-1-1,10088
** E BOOK **,10093
** E BOOK **,10093
978-0-8153-4149-9,10093
978-0-8153-4432-2,10102
** E BOOK **,10118
** E BOOK **,10118
978-0-8153-4243-4,10118
** E BOOK **,10119
** E BOOK **,10119
978-0-8153-4243-4,10119
978-1-3085820-0-9,10147
978-1-3085820-0-9,10153
978-1-3085820-0-9,10156
978-1-3085820-0-9,10158
978-1-3085820-0-9,10160
978-1-3085820-0-9,10161
978-1-3085820-0-9,10162
978-1-3085820-0-9,10163
978-1-3085820-0-9,10164
978-1-3085820-0-9,10165
978-1-2568208-5-7,10169
978-1-2690636-8-5,10169
978-1-2568208-5-7,10172
** E BOOK **,10186
978-1-4292750-3-3,10186
978-1-4641064-1-5,10186
978-0-470-61637-6,10205
978-0-470-61637-6,10208
978-0-273-73042-2,10229
978-0-273-73042-2,10231
** E BOOK **,10255
** E BOOK **,10255
** E BOOK **,10255
** E BOOK **,10255
978-0-393-17493-9,10255
978-0-393-17500-4,10255
978-0-393-17503-5,10255
978-0-393-92631-6,10255
978-0-393-92969-0,10255
978-0-393-92979-9,10255
978-0-393-93003-0,10255
978-0-393-93004-7,10255
978-1-4641201-5-2,10255
** E BOOK **,10256
** E BOOK **,10256
** E BOOK **,10256
** E BOOK **,10256
978-0-393-17493-9,10256
978-0-393-17500-4,10256
978-0-393-17503-5,10256
978-0-393-92631-6,10256
978-0-393-92969-0,10256
978-0-393-92979-9,10256
978-0-393-93003-0,10256
978-0-393-93004-7,10256
978-1-4641201-5-2,10256
** E BOOK **,10257
** E BOOK **,10257
** E BOOK **,10257
** E BOOK **,10257
978-0-393-17493-9,10257
978-0-393-17500-4,10257
978-0-393-17503-5,10257
978-0-393-92631-6,10257
978-0-393-92969-0,10257
978-0-393-92979-9,10257
978-0-393-93003-0,10257
978-0-393-93004-7,10257
978-1-4641201-5-2,10257
** E BOOK **,10258
** E BOOK **,10258
** E BOOK **,10258
** E BOOK **,10258
978-0-393-17493-9,10258
978-0-393-17500-4,10258
978-0-393-17503-5,10258
978-0-393-92631-6,10258
978-0-393-92969-0,10258
978-0-393-92979-9,10258
978-0-393-93003-0,10258
978-0-393-93004-7,10258
978-1-4641201-5-2,10258
978-0-7414-1929-3,10262
978-1-4292723-9-1,10266
978-1-4292724-3-8,10266
978-1-4292949-9-7,10266
978-1-4641201-5-2,10266
978-1-4292723-9-1,10267
978-1-4292724-3-8,10267
978-1-4292949-9-7,10267
** E BOOK **,10268
** E BOOK **,10268
** E BOOK **,10268
** E BOOK **,10268
978-0-393-17493-9,10268
978-0-393-17500-4,10268
978-0-393-17503-5,10268
978-0-393-92631-6,10268
978-0-393-92969-0,10268
978-0-393-92980-5,10268
978-0-393-93003-0,10268
978-0-393-93004-7,10268
978-1-4641201-5-2,10268
** E BOOK **,10269
** E BOOK **,10269
** E BOOK **,10269
** E BOOK **,10269
978-0-393-17493-9,10269
978-0-393-17500-4,10269
978-0-393-17503-5,10269
978-0-393-92631-6,10269
978-0-393-92969-0,10269
978-0-393-92980-5,10269
978-0-393-93003-0,10269
978-0-393-93004-7,10269
978-1-4641201-5-2,10269
** E BOOK **,10270
** E BOOK **,10270
** E BOOK **,10270
** E BOOK **,10270
978-0-393-17493-9,10270
978-0-393-17500-4,10270
978-0-393-17503-5,10270
978-0-393-92631-6,10270
978-0-393-92969-0,10270
978-0-393-92980-5,10270
978-0-393-93003-0,10270
978-0-393-93004-7,10270
978-1-4641201-5-2,10270
** E BOOK **,10271
** E BOOK **,10271
** E BOOK **,10271
** E BOOK **,10271
978-0-393-17493-9,10271
978-0-393-17500-4,10271
978-0-393-17503-5,10271
978-0-393-92631-6,10271
978-0-393-92969-0,10271
978-0-393-92980-5,10271
978-0-393-93003-0,10271
978-0-393-93004-7,10271
978-1-4641201-5-2,10271
** E BOOK **,10272
** E BOOK **,10272
** E BOOK **,10272
** E BOOK **,10272
978-0-393-17493-9,10272
978-0-393-17500-4,10272
978-0-393-17503-5,10272
978-0-393-92631-6,10272
978-0-393-92969-0,10272
978-0-393-92980-5,10272
978-0-393-93003-0,10272
978-0-393-93004-7,10272
978-1-4641201-5-2,10272
** E BOOK **,10277
** E BOOK **,10277
** E BOOK **,10277
** E BOOK **,10277
978-0-393-17493-9,10277
978-0-393-17500-4,10277
978-0-393-17503-5,10277
978-0-393-92631-6,10277
978-0-393-92969-0,10277
978-0-393-92980-5,10277
978-0-393-93003-0,10277
978-0-393-93004-7,10277
978-1-4641201-5-2,10277
** E BOOK **,10279
** E BOOK **,10279
** E BOOK **,10279
** E BOOK **,10279
978-0-393-17493-9,10279
978-0-393-17500-4,10279
978-0-393-17503-5,10279
978-0-393-92631-6,10279
978-0-393-92969-0,10279
978-0-393-92980-5,10279
978-0-393-93003-0,10279
978-0-393-93004-7,10279
978-1-4641201-5-2,10279
978-1-8913892-2-1,10286
978-0-13-111892-8,10292
** E BOOK **,10296
** E BOOK **,10296
978-0-321-85656-2,10296
** E BOOK **,10307
** E BOOK **,10307
978-0-12-384654-9,10307
978-0-8218-6889-8,10307
** E BOOK **,10329
** E BOOK **,10329
978-0-13-341882-8,10329
978-1-5642406-0-6,10329
978-0-470-19565-9,10332
978-1-4000521-8-9,10349
** E BOOK **,10353
978-0-7817-8057-5,10353
978-0-19-521917-3,10358
** E BOOK **,10366
** E BOOK **,10366
978-0-07-340477-6,10366
978-1-3052536-6-7,10367
978-1-3052536-6-7,10374
978-0-13-509049-7,10380
978-0-13-658536-7,10380
None,10380
978-0-13-509049-7,10383
978-0-13-658536-7,10383
None,10383
978-0-13-509049-7,10384
978-0-13-658536-7,10384
None,10384
** E BOOK **,10387
** E BOOK **,10387
978-0-13-375888-7,10387
** E BOOK **,10388
** E BOOK **,10388
978-0-13-375888-7,10388
** E BOOK **,10389
** E BOOK **,10389
978-0-13-375888-7,10389
** E BOOK **,10391
** E BOOK **,10391
978-0-07-248311-6,10391
None,10391
** E BOOK **,10392
** E BOOK **,10392
978-0-07-248311-6,10392
None,10392
978-0-07-742240-0,10393
978-0-13-144770-7,10394
978-0-13-145730-0,10394
** E BOOK **,10396
** E BOOK **,10396
978-1-1115760-0-4,10396
** E BOOK **,10403
** E BOOK **,10403
978-0-13-611058-3,10403
** E BOOK **,10404
** E BOOK **,10404
978-0-13-611058-3,10404
** E BOOK **,10405
** E BOOK **,10405
978-1-4398115-1-1,10405
** E BOOK **,10407
** E BOOK **,10407
978-1-1336051-5-7,10407
** E BOOK **,10409
** E BOOK **,10409
978-1-1115760-0-4,10409
978-1-1184583-4-1,10413
978-0-87629-820-6,10414
978-1-1183359-0-1,10414
** E BOOK **,10430
** E BOOK **,10430
978-0-07-337630-1,10430
978-0-07-845748-7,10444
978-0-13-509049-7,10446
978-1-6196092-4-2,10448
978-1-6196092-4-2,10450
978-1-4786230-8-3,10459
978-1-4786230-8-3,10460
978-1-5776669-3-6,10463
978-1-5776669-3-6,10464
** E BOOK **,10472
** E BOOK **,10472
978-0-470-88572-7,10472
978-0-471-72063-8,10474
978-0-471-19645-7,10475
** E BOOK **,10477
** E BOOK **,10477
978-0-470-50197-9,10477
978-0-07-310445-4,10479
978-0-470-11539-8,10481
978-0-470-11539-8,10482
978-1-1199298-5-7,10486
978-0-226-77620-0,10503
978-0-691-02745-6,10503
978-0-691-14632-4,10503
978-0-7148-6316-0,10503
** E BOOK **,10519
** E BOOK **,10519
978-0-470-04895-5,10519
978-1-4614913-7-8,10550
978-1-4614913-7-8,10552
978-0-13-089568-4,10564
978-0-13-089568-4,10565
978-0-13-089568-4,10566
978-0-13-089568-4,10567
** E BOOK **,10569
** E BOOK **,10569
978-0-07-326320-5,10569
978-0-07-338057-5,10569
978-0-13-042182-1,10569
** E BOOK **,10578
** E BOOK **,10578
978-0-07-338057-5,10578
None,10578
** E BOOK **,10579
** E BOOK **,10579
978-0-13-277420-8,10579
978-0-13-142044-1,10580
978-0-13-158742-7,10580
** E BOOK **,10581
** E BOOK **,10581
978-0-07-338066-7,10581
978-0-13-168737-0,10582
978-0-19-933913-6,10583
978-0-19-933913-6,10584
978-0-19-933913-6,10585
978-0-07-229135-3,10588
None,10588
978-0-07-229135-3,10589
None,10589
978-0-07-229135-3,10590
None,10590
** E BOOK **,10595
** E BOOK **,10595
978-0-13-335485-0,10595
** E BOOK **,10596
** E BOOK **,10596
978-0-13-335485-0,10596
** E BOOK **,10597
** E BOOK **,10597
978-0-13-335485-0,10597
** E BOOK **,10604
** E BOOK **,10604
978-0-13-212695-3,10604
** E BOOK **,10605
** E BOOK **,10605
978-0-07-338067-4,10605
None,10605
** E BOOK **,10606
** E BOOK **,10606
978-0-07-338067-4,10606
None,10606
** E BOOK **,10607
** E BOOK **,10607
978-0-07-338067-4,10607
None,10607
978-0-9845438-0-9,10612
978-0-9845438-0-9,10613
978-0-9845438-0-9,10614
978-0-9845438-0-9,10615
978-0-9845438-0-9,10616
** E BOOK **,10617
** E BOOK **,10617
978-0-321-54774-3,10617
** E BOOK **,10618
** E BOOK **,10618
978-0-321-54774-3,10618
** E BOOK **,10619
** E BOOK **,10619
978-0-321-54774-3,10619
** E BOOK **,10620
** E BOOK **,10620
978-0-321-54774-3,10620
** E BOOK **,10621
** E BOOK **,10621
978-0-321-54774-3,10621
978-0-13-187374-2,10624
None,10624
978-0-13-187374-2,10625
978-0-534-94822-1,10628
978-0-534-94822-1,10629
** E BOOK **,10642
** E BOOK **,10642
978-0-12-407726-3,10642
** E BOOK **,10643
** E BOOK **,10643
978-0-12-407726-3,10643
** E BOOK **,10644
** E BOOK **,10644
978-0-12-407726-3,10644
** E BOOK **,10655
** E BOOK **,10655
978-0-471-64735-5,10655
** E BOOK **,10658
** E BOOK **,10658
978-0-471-64735-5,10658
** E BOOK **,10660
** E BOOK **,10660
978-0-471-64735-5,10660
978-0-07-282329-5,10795
** E BOOK **,10797
** E BOOK **,10797
978-0-393-91959-2,10797
978-1-2840453-1-4,10862
978-1-2840453-1-4,10863
978-1-2840453-1-4,10866
978-0-226-51274-7,10876
978-0-87580-583-2,10876
978-0-89733-421-1,10876
978-0-14-044770-5,10877
978-0-394-74846-7,10877
978-1-6172914-1-8,10890
978-1-6172914-1-8,10894
** E BOOK **,10903
978-0-262-01737-4,10903
978-0-472-05098-7,10903
978-0-7615-3643-7,10903
978-1-6289238-8-9,10903
** E BOOK **,10904
978-0-19-534064-8,10904
978-0-262-51115-5,10904
978-1-4516682-5-4,10904
978-0-07-246750-5,10905
978-0-07-246750-5,10907
978-0-13-110362-7,10910
978-0-13-409266-9,10910
978-0-13-110362-7,10911
978-0-13-409266-9,10911
978-0-521-60261-7,10920
978-0-521-77913-5,10920
** E BOOK **,10928
978-0-19-285361-5,10928
978-1-5848844-9-1,10928
** E BOOK **,10929
** E BOOK **,10929
978-0-470-46472-4,10929
978-0-470-53494-6,10929
** E BOOK **,10930
** E BOOK **,10930
978-0-470-46472-4,10930
978-0-470-53494-6,10930
** E BOOK **,10939
** E BOOK **,10939
** E BOOK **,10939
978-0-07-179553-1,10939
978-0-8400-6942-9,10939
978-1-1114282-4-2,10939
978-1-1331509-9-2,10939
978-1-2858582-6-5,10939
978-1-2858585-0-0,10939
978-1-3052718-1-4,10939
978-1-3052791-3-1,10939
978-1-3056166-8-4,10939
None,10939
** E BOOK **,10941
** E BOOK **,10941
** E BOOK **,10941
978-0-07-179553-1,10941
978-0-8400-6942-9,10941
978-1-1114282-4-2,10941
978-1-1331509-9-2,10941
978-1-2858582-6-5,10941
978-1-2858585-0-0,10941
978-1-3052718-1-4,10941
978-1-3052791-3-1,10941
978-1-3056166-8-4,10941
None,10941
** E BOOK **,10946
978-0-07-179553-1,10946
978-1-2858582-6-5,10946
978-1-3052718-1-4,10946
978-1-3052791-3-1,10946
978-1-3056166-8-4,10946
None,10946
** E BOOK **,10947
978-0-07-179553-1,10947
978-1-2858582-6-5,10947
978-1-3052718-1-4,10947
978-1-3052791-3-1,10947
978-1-3056166-8-4,10947
None,10947
** E BOOK **,10949
978-0-07-179553-1,10949
978-1-2858582-6-5,10949
978-1-3052718-1-4,10949
978-1-3052791-3-1,10949
978-1-3056166-8-4,10949
None,10949
** E BOOK **,10953
978-0-07-179553-1,10953
978-1-2858582-6-5,10953
978-1-3052718-1-4,10953
978-1-3052791-3-1,10953
978-1-3056166-8-4,10953
None,10953
** E BOOK **,10954
978-0-07-179553-1,10954
978-0-8400-4945-2,10954
978-0-8400-5410-4,10954
978-1-1331127-1-6,10954
978-1-2858582-6-5,10954
** E BOOK **,10956
978-0-07-179553-1,10956
978-0-8400-4945-2,10956
978-0-8400-5410-4,10956
978-1-1331127-1-6,10956
978-1-2858582-6-5,10956
** E BOOK **,10958
978-0-07-179553-1,10958
978-0-8400-4945-2,10958
978-0-8400-5410-4,10958
978-1-1331127-1-6,10958
978-1-2858582-6-5,10958
** E BOOK **,10959
978-0-07-179553-1,10959
978-0-8400-4945-2,10959
978-0-8400-5410-4,10959
978-1-1331127-1-6,10959
978-1-2858582-6-5,10959
** E BOOK **,10960
** E BOOK **,10960
** E BOOK **,10960
** E BOOK **,10960
978-0-07-182485-9,10960
978-1-1118270-5-2,10960
978-1-1334919-2-7,10960
978-1-1338040-6-2,10960
978-1-2858585-0-0,10960
** E BOOK **,10961
** E BOOK **,10961
** E BOOK **,10961
** E BOOK **,10961
978-0-07-182485-9,10961
978-1-1118270-5-2,10961
978-1-1334919-2-7,10961
978-1-1338040-6-2,10961
978-1-2858585-0-0,10961
** E BOOK **,10963
** E BOOK **,10963
** E BOOK **,10963
** E BOOK **,10963
978-0-07-182485-9,10963
978-1-1118270-5-2,10963
978-1-1334919-2-7,10963
978-1-1338040-6-2,10963
978-1-2858585-0-0,10963
** E BOOK **,10964
** E BOOK **,10964
** E BOOK **,10964
** E BOOK **,10964
978-0-07-182485-9,10964
978-1-1118270-5-2,10964
978-1-1334919-2-7,10964
978-1-1338040-6-2,10964
978-1-2858585-0-0,10964
978-1-1184735-0-4,10966
978-1-4496917-2-1,10967
978-1-4496917-2-1,10968
978-0-7637-7492-9,10969
** E BOOK **,10972
978-0-07-179553-1,10972
978-1-2858582-6-5,10972
978-1-3052718-1-4,10972
978-1-3052791-3-1,10972
978-1-3056166-8-4,10972
None,10972
** E BOOK **,10973
978-0-07-179553-1,10973
978-1-2858582-6-5,10973
978-1-3052718-1-4,10973
978-1-3052791-3-1,10973
978-1-3056166-8-4,10973
** E BOOK **,10974
978-0-07-179553-1,10974
978-1-2858582-6-5,10974
978-1-3052718-1-4,10974
978-1-3052791-3-1,10974
978-1-3056166-8-4,10974
None,10974
** E BOOK **,10975
978-0-07-179553-1,10975
978-1-2858582-6-5,10975
978-1-3052718-1-4,10975
978-1-3052791-3-1,10975
978-1-3056166-8-4,10975
None,10975
** E BOOK **,10976
978-0-07-179553-1,10976
978-1-2858582-6-5,10976
978-1-3052718-1-4,10976
978-1-3052791-3-1,10976
978-1-3056166-8-4,10976
None,10976
** E BOOK **,10978
978-0-07-179553-1,10978
978-1-2858582-6-5,10978
978-1-3052718-1-4,10978
978-1-3052791-3-1,10978
978-1-3056166-8-4,10978
None,10978
** E BOOK **,10981
** E BOOK **,10981
978-0-321-62911-1,10981
978-0-321-64013-0,10981
** E BOOK **,10983
** E BOOK **,10983
978-0-495-11081-1,10983
978-0-89871-361-9,10984
978-1-5848865-1-8,10985
978-9-8102354-3-7,10985
978-1-5848865-1-8,10990
978-9-8102354-3-7,10990
978-1-5578694-5-6,10991
978-0-13-014400-3,10993
978-0-387-00451-8,10994
** E BOOK **,10995
** E BOOK **,10995
** E BOOK **,10995
978-0-07-161161-9,10995
978-0-470-48267-4,10995
978-0-89871-361-9,10997
** E BOOK **,10999
** E BOOK **,10999
** E BOOK **,10999
978-0-07-161161-9,10999
978-0-470-48267-4,10999
** E BOOK **,11002
** E BOOK **,11002
** E BOOK **,11002
978-0-07-161161-9,11002
978-0-470-48267-4,11002
978-0-07-768730-4,11018
978-1-1191880-2-5,11025
978-1-1199153-4-8,11025
978-1-1199157-1-3,11025
978-0-13-600637-4,11029
978-0-13-600637-4,11031
978-0-262-03384-8,11035
978-0-262-03384-8,11037
** E BOOK **,11050
** E BOOK **,11050
978-0-13-377392-7,11050
** E BOOK **,11052
** E BOOK **,11052
978-0-13-377392-7,11052
978-1-2591709-8-0,11058
** E BOOK **,11059
** E BOOK **,11059
978-0-13-703515-1,11059
** E BOOK **,11062
** E BOOK **,11062
978-0-13-703515-1,11062
** E BOOK **,11079
** E BOOK **,11079
978-0-13-285620-1,11079
** E BOOK **,11089
** E BOOK **,11089
978-0-13-142938-3,11089
** E BOOK **,11090
** E BOOK **,11090
978-0-13-142938-3,11090
978-0-07-768734-2,11241
** E BOOK **,11257
** E BOOK **,11257
978-1-1185549-3-7,11257
** E BOOK **,11260
** E BOOK **,11260
978-1-5916904-3-6,11260
978-3-6421049-9-2,11260
** E BOOK **,11276
** E BOOK **,11276
978-0-13-312874-1,11276
** E BOOK **,11282
** E BOOK **,11282
978-0-470-45836-5,11282
978-1-1070225-8-4,11282
** E BOOK **,11283
** E BOOK **,11283
978-0-470-45836-5,11283
978-1-1070225-8-4,11283
978-1-1180134-3-4,11287
978-1-1180134-3-4,11288
** E BOOK **,11421
978-0-07-147786-4,11421
** E BOOK **,11422
978-0-07-147786-4,11422
** E BOOK **,11424
978-0-07-147786-4,11424
978-0-88427-195-6,11425
978-0-88427-195-6,11429
978-1-1199360-4-6,11430
** E BOOK **,11440
** E BOOK **,11440
978-1-2850769-1-1,11440
978-0-205-98622-4,11441
978-0-205-98622-4,11442
978-0-205-98622-4,11443
** E BOOK **,11447
** E BOOK **,11447
978-1-1182912-0-7,11447
** E BOOK **,11448
** E BOOK **,11448
978-1-1182912-0-7,11448
** E BOOK **,11449
** E BOOK **,11449
978-1-1182912-0-7,11449
978-1-1189539-8-3,11450
None,11450
978-1-1189539-8-3,11451
None,11451
978-0-88427-195-6,11455
978-0-558-97712-2,11475
978-1-6042706-1-7,11475
978-0-558-97712-2,11477
978-1-6042706-1-7,11477
978-0-87629-820-6,11483
978-1-1183359-0-1,11483
** E BOOK **,11489
** E BOOK **,11489
978-0-07-803529-6,11489
** E BOOK **,11490
** E BOOK **,11490
978-0-12-416009-5,11490
** E BOOK **,11495
978-0-415-64479-2,11495
978-1-4522568-0-1,11495
** E BOOK **,11496
** E BOOK **,11496
** E BOOK **,11496
978-0-465-02011-9,11496
978-0-8400-2854-9,11496
** E BOOK **,11498
** E BOOK **,11498
** E BOOK **,11498
978-0-7619-3022-8,11498
978-1-2850755-1-8,11498
** E BOOK **,11504
** E BOOK **,11504
978-0-205-84957-4,11504
** E BOOK **,11508
** E BOOK **,11508
** E BOOK **,11508
** E BOOK **,11508
978-0-8261-1832-5,11508
978-1-2850653-5-9,11508
978-0-415-87291-1,11516
** E BOOK **,11521
** E BOOK **,11521
** E BOOK **,11521
** E BOOK **,11521
** E BOOK **,11521
** E BOOK **,11521
978-0-13-285103-9,11521
978-0-8261-1832-5,11521
978-1-2850653-5-9,11521
** E BOOK **,11529
978-0-07-813710-5,11529
978-0-8058-3284-6,11529
978-1-4833175-3-3,11529
** E BOOK **,11533
978-0-07-813710-5,11533
978-0-8058-3284-6,11533
978-1-4833175-3-3,11533
** E BOOK **,11538
978-0-07-813710-5,11538
978-0-8058-3284-6,11538
978-1-4833175-3-3,11538
978-0-205-49678-5,11670
978-1-4614913-7-8,11811
978-1-4614913-7-8,11813
** E BOOK **,12138
978-1-4292750-3-3,12138
978-1-4641064-1-5,12138
** E BOOK **,12139
978-1-4292901-9-7,12139
978-1-4641244-9-5,12139
978-1-4641245-1-8,12139
** E BOOK **,12386
978-1-6035837-1-8,12386
978-0-07-768730-4,12444
978-0-13-047394-3,12513
** E BOOK **,12585
** E BOOK **,12585
978-0-13-703515-1,12585
** E BOOK **,12586
** E BOOK **,12586
978-0-13-285620-1,12586
** E BOOK **,12589
** E BOOK **,12589
978-0-13-142938-3,12589
978-1-4665606-8-0,12590
** E BOOK **,12650
** E BOOK **,12650
978-0-13-286860-0,12650
** E BOOK **,13057
** E BOOK **,13057
978-0-13-377392-7,13057
** E BOOK **,13058
** E BOOK **,13058
978-0-13-604259-4,13058
** E BOOK **,13059
** E BOOK **,13059
978-0-13-604259-4,13059
** E BOOK **,13060
** E BOOK **,13060
978-0-13-604259-4,13060
978-0-201-70945-2,13095
978-0-201-70945-2,13097
** E BOOK **,13116
** E BOOK **,13116
978-0-13-305878-9,13116
978-0-13-610268-7,13116
** E BOOK **,13118
** E BOOK **,13118
978-0-13-305878-9,13118
978-0-13-610268-7,13118
** E BOOK **,13119
** E BOOK **,13119
978-0-13-305878-9,13119
978-0-13-610268-7,13119
** E BOOK **,13121
** E BOOK **,13121
978-0-13-305878-9,13121
978-0-13-610268-7,13121
** E BOOK **,13175
** E BOOK **,13175
978-0-13-376131-3,13175
** E BOOK **,13209
** E BOOK **,13209
978-0-8153-4454-4,13209
978-1-5776667-8-3,13233
** E BOOK **,13242
** E BOOK **,13242
978-0-07-751134-0,13242
978-0-07-803477-0,13242
** E BOOK **,13317
** E BOOK **,13317
978-0-07-326320-5,13317
978-0-07-338057-5,13317
978-0-13-042182-1,13317
** E BOOK **,13318
** E BOOK **,13318
978-0-07-326320-5,13318
978-0-07-338057-5,13318
978-0-13-042182-1,13318
** E BOOK **,13321
** E BOOK **,13321
978-0-07-338057-5,13321
** E BOOK **,13322
** E BOOK **,13322
978-0-07-338057-5,13322
978-0-521-10028-1,13323
978-0-521-10028-1,13324
978-0-521-10028-1,13325
** E BOOK **,13330
** E BOOK **,13330
978-0-07-366011-0,13330
978-0-13-231123-6,13330
** E BOOK **,13332
** E BOOK **,13332
978-0-07-366011-0,13332
978-0-13-231123-6,13332
** E BOOK **,13333
** E BOOK **,13333
978-0-07-366011-0,13333
978-0-13-231123-6,13333
978-1-1183704-3-8,13394
978-1-1199397-7-1,13394
** E BOOK **,13513
** E BOOK **,13513
978-0-13-191835-1,13513
978-1-4292723-9-1,13520
978-1-4292724-3-8,13520
978-1-4292949-9-7,13520
** E BOOK **,13580
978-0-07-166418-9,13580
978-1-5680268-7-9,13580
** E BOOK **,13591
** E BOOK **,13591
978-0-07-337366-9,13591
978-1-2858696-8-1,13645
978-1-2858696-8-1,13646
978-0-387-98650-0,13655
978-0-13-017547-2,13772
978-0-13-017547-2,13773
978-0-13-017547-2,13774
** E BOOK **,13850
** E BOOK **,13850
978-0-13-285620-1,13850
** E BOOK **,13858
** E BOOK **,13858
978-0-13-286860-0,13858
** E BOOK **,13924
** E BOOK **,13924
978-0-13-212695-3,13924
978-1-8782714-1-9,13979
978-1-4665606-8-0,14066
978-1-4665606-8-0,14068
978-0-02-391342-6,14069
978-1-4496447-9-6,14082
978-1-4496447-9-6,14083
** E BOOK **,14121
978-0-07-179553-1,14121
978-0-8400-4945-2,14121
978-0-8400-5410-4,14121
978-1-1331127-1-6,14121
978-1-2858582-6-5,14121
** E BOOK **,14122
** E BOOK **,14122
** E BOOK **,14122
** E BOOK **,14122
978-0-07-182485-9,14122
978-1-1118270-5-2,14122
978-1-1334919-2-7,14122
978-1-1338040-6-2,14122
978-1-2858585-0-0,14122
** E BOOK **,14196
** E BOOK **,14196
978-0-14-311928-9,14196
978-0-321-09383-7,14196
978-0-8129-7571-0,14196
978-1-5944832-9-5,14196
978-0-471-05967-7,14223
** E BOOK **,14224
** E BOOK **,14224
978-0-13-283288-5,14224
978-0-521-89351-0,14225
978-0-521-89351-0,14226
978-1-2858696-8-1,14241
978-1-2858696-8-1,14242
978-1-2858696-8-1,14253
978-1-2858696-8-1,14254
978-1-8912550-4-5,14256
978-1-8912551-4-4,14256
978-1-8912550-4-5,14257
978-1-8912551-4-4,14257
** E BOOK **,14285
** E BOOK **,14285
978-0-13-335485-0,14285
** E BOOK **,14286
** E BOOK **,14286
978-0-470-24599-6,14286
** E BOOK **,14287
** E BOOK **,14287
978-0-470-24599-6,14287
** E BOOK **,14288
** E BOOK **,14288
978-0-470-24599-6,14288
978-0-201-70945-2,14391
** E BOOK **,14567
** E BOOK **,14567
978-0-321-70733-8,14567
** E BOOK **,14568
** E BOOK **,14568
978-0-321-70733-8,14568
978-1-3050753-6-8,14838
978-1-3050753-6-8,14840
** E BOOK **,14841
** E BOOK **,14841
978-0-07-352344-6,14841
** E BOOK **,14843
** E BOOK **,14843
978-0-07-352344-6,14843
978-0-87629-820-6,14844
978-1-1183359-0-1,14844
978-0-07-298239-8,14846
978-0-07-298239-8,14847
978-0-07-298239-8,14849
978-0-07-298239-8,14850
** E BOOK **,14858
** E BOOK **,14858
** E BOOK **,14858
978-0-07-179553-1,14858
978-0-8400-6942-9,14858
978-1-1114282-4-2,14858
978-1-1331509-9-2,14858
978-1-2858582-6-5,14858
978-1-2858585-0-0,14858
978-1-3052718-1-4,14858
978-1-3052791-3-1,14858
978-1-3056166-8-4,14858
None,14858
** E BOOK **,14859
978-0-07-179553-1,14859
978-1-2858582-6-5,14859
978-1-3052718-1-4,14859
978-1-3052791-3-1,14859
978-1-3056166-8-4,14859
None,14859
978-0-387-00451-8,14862
978-0-87629-820-6,14874
978-1-1183359-0-1,14874
978-0-13-509049-7,14879
978-0-19-856633-5,14953
978-0-470-01821-7,14953
978-0-521-29733-2,14953
978-0-521-52339-4,14953
978-0-521-77827-5,14953
978-9-8123870-8-0,14953
978-0-9759377-1-6,14970
978-0-9759377-1-6,14971
** E BOOK **,14974
** E BOOK **,14974
978-1-1331350-8-1,14974
978-0-387-94766-2,15022
978-1-5850394-9-4,15022
978-1-6241025-4-7,15025
978-1-4528795-9-8,15026
978-0-07-723029-6,15027
978-1-5634753-9-9,15027
978-0-13-089234-8,15028
** E BOOK **,15029
** E BOOK **,15029
978-0-13-349659-8,15029
978-1-5894825-9-3,15098
978-0-07-845748-7,15164
978-1-6196091-8-1,15164
** E BOOK **,15258
** E BOOK **,15258
978-1-4398115-1-1,15258
978-1-1113505-4-3,15306
978-1-1113505-4-3,15307
978-1-1113505-4-3,15308
978-0-462-09865-4,15334
978-0-462-09865-4,15335
978-0-462-09865-4,15336
978-0-462-09865-4,15337
978-0-462-09865-4,15340
978-1-1076135-7-7,15341
978-1-1076135-7-7,15342
978-1-1113505-4-3,15350
978-1-1113505-4-3,15351
978-1-1113505-4-3,15353
978-0-462-09865-4,15364
978-0-462-09865-4,15365
978-0-462-09865-4,15366
978-0-462-09865-4,15367
978-0-462-09865-4,15370
978-1-1076135-7-7,15371
978-1-1076135-7-7,15372
** E BOOK **,15398
** E BOOK **,15398
978-0-13-312874-1,15398
978-0-262-03384-8,15522
978-0-262-03384-8,15523
978-0-262-03384-8,15524
978-0-262-03384-8,15525
** E BOOK **,15529
** E BOOK **,15529
978-0-13-065903-3,15529
978-0-13-285620-1,15529
** E BOOK **,15531
** E BOOK **,15531
978-0-13-065903-3,15531
978-0-13-285620-1,15531
978-0-13-350716-4,15544
978-0-13-350716-4,15545
978-0-13-350716-4,15546
978-1-1335929-6-9,15547
978-1-1335929-6-9,15548
978-1-1335929-6-9,15549
978-1-1335929-6-9,15550
978-1-1335929-6-9,15551
978-1-1335929-6-9,15552
978-1-2697743-4-5,15555
978-1-2697743-4-5,15556
978-1-3085820-0-9,15562
978-1-3085820-0-9,15563
** E BOOK **,15576
** E BOOK **,15576
978-1-1182912-0-7,15576
** E BOOK **,15577
** E BOOK **,15577
978-0-07-803529-6,15577
978-0-470-19232-0,15582
** E BOOK **,15583
** E BOOK **,15583
** E BOOK **,15583
978-0-465-02011-9,15583
978-0-8400-2854-9,15583
978-1-1181565-9-9,15605
978-1-1076135-7-7,15610
978-1-1213301-7-7,15615
978-1-1113505-4-3,15618
978-0-462-09865-4,15621
978-0-462-09865-4,15622
978-1-1076135-7-7,15623
978-1-1113505-4-3,15627
978-0-462-09865-4,15630
978-0-462-09865-4,15631
978-0-387-95063-1,15674
978-1-8523378-1-0,15674
978-3-5404387-1-7,15674
** E BOOK **,15678
** E BOOK **,15678
** E BOOK **,15678
** E BOOK **,15678
978-0-393-17493-9,15678
978-0-393-17500-4,15678
978-0-393-17503-5,15678
978-0-393-92631-6,15678
978-0-393-92969-0,15678
978-0-393-92979-9,15678
978-0-393-93003-0,15678
978-0-393-93004-7,15678
978-1-4641201-5-2,15678
** E BOOK **,15679
** E BOOK **,15679
** E BOOK **,15679
** E BOOK **,15679
978-0-393-17493-9,15679
978-0-393-17500-4,15679
978-0-393-17503-5,15679
978-0-393-92631-6,15679
978-0-393-92969-0,15679
978-0-393-92979-9,15679
978-0-393-93003-0,15679
978-0-393-93004-7,15679
978-1-4641201-5-2,15679
** E BOOK **,15689
** E BOOK **,15689
978-1-1119869-0-2,15689
978-0-471-35953-1,15690
978-0-471-35953-1,15691
** E BOOK **,15698
** E BOOK **,15698
978-0-07-326320-5,15698
978-0-07-338057-5,15698
978-0-13-042182-1,15698
None,15699
978-1-1199155-8-4,15740
978-0-07-742240-0,15742
** E BOOK **,15752
** E BOOK **,15752
978-0-470-52780-1,15752
** E BOOK **,15769
** E BOOK **,15769
978-1-1115760-0-4,15769
978-0-19-957717-0,15770
978-0-8153-4220-5,15770
978-1-1187606-3-5,15773
978-1-4129287-4-8,15782
** E BOOK **,15788
** E BOOK **,15788
978-0-07-340476-9,15788
** E BOOK **,15792
978-0-470-65093-6,15792
978-0-13-403817-9,15803
978-0-13-403817-9,15805
978-0-321-94318-7,15830
978-1-4493425-7-9,15830
978-0-321-94318-7,15832
978-1-4493425-7-9,15832
978-0-321-94318-7,15833
978-1-4493425-7-9,15833
** E BOOK **,15857
978-0-07-146464-2,15857
978-0-07-170043-6,15857
978-1-6000505-1-0,15857
** E BOOK **,15859
978-0-07-146464-2,15859
978-0-07-170043-6,15859
978-1-6000505-1-0,15859
** E BOOK **,15860
978-0-07-146464-2,15860
978-0-07-170043-6,15860
978-1-6000505-1-0,15860
** E BOOK **,15870
** E BOOK **,15870
978-0-7645-7801-4,15870
978-1-4354539-0-6,15870
978-1-5555833-4-7,15870
** E BOOK **,15872
** E BOOK **,15872
978-0-7645-7801-4,15872
978-1-4354539-0-6,15872
978-1-5555833-4-7,15872
** E BOOK **,15901
** E BOOK **,15901
978-0-12-382188-1,15901
** E BOOK **,15913
978-1-6035837-1-8,15913
978-1-5932756-4-8,15942
978-1-5932756-4-8,15943
978-1-5932756-4-8,15944
978-1-5932756-4-8,15945
** E BOOK **,16008
** E BOOK **,16008
978-1-1183027-9-8,16008
** E BOOK **,16009
** E BOOK **,16009
978-1-1183027-9-8,16009
978-1-1199155-8-4,16018
** E BOOK **,16303
978-0-470-57143-9,16303
** E BOOK **,16305
** E BOOK **,16305
978-0-470-62415-9,16305
978-1-1180047-7-7,16305
978-0-13-111892-8,16338
978-0-13-081908-6,16374
978-0-13-081908-6,16376
978-0-13-600637-4,16390
978-0-387-94766-2,16397
978-1-5850394-9-4,16397
978-1-3085820-0-9,16422
** E BOOK **,16456
** E BOOK **,16456
978-0-13-065903-3,16456
978-0-13-285620-1,16456
978-0-262-03384-8,16469
** E BOOK **,16479
** E BOOK **,16479
978-0-13-507925-6,16479
** E BOOK **,16638
** E BOOK **,16638
978-0-13-191835-1,16638
978-3-5274060-1-2,16657
** E BOOK **,16664
978-0-07-179553-1,16664
978-1-2858582-6-5,16664
978-1-3052718-1-4,16664
978-1-3052791-3-1,16664
978-1-3056166-8-4,16664
None,16664
978-0-07-282329-5,16665
978-0-19-870055-5,16689
978-0-8018-7944-9,16689
978-0-87220-074-6,16689
978-1-4051956-3-8,16689
** E BOOK **,16690
** E BOOK **,16690
978-0-07-352524-2,16690
** E BOOK **,16692
** E BOOK **,16692
978-0-07-352524-2,16692
** E BOOK **,16695
** E BOOK **,16695
978-0-12-382163-8,16695
** E BOOK **,16696
** E BOOK **,16696
978-0-12-382163-8,16696
978-0-19-957717-0,16706
978-0-8153-4220-5,16706
978-0-462-09865-4,16738
978-0-462-09865-4,16739
978-1-1076135-7-7,16744
978-1-1213301-7-7,16746
978-1-1076135-7-7,16748
** E BOOK **,16760
** E BOOK **,16760
978-0-13-345160-3,16760
978-0-534-94822-1,16776
978-0-8142-5179-9,16811
978-0-521-89351-0,16836
978-0-13-139506-0,16838
978-0-13-139506-0,16839
978-0-13-139506-0,16840
978-0-13-139506-0,16841
978-1-5850394-9-4,16843
** E BOOK **,16847
** E BOOK **,16847
978-0-07-339818-1,16847
978-0-387-94766-2,16857
978-1-5850394-9-4,16857
978-0-471-43059-9,16873
978-0-8053-4633-6,16873
978-0-13-222677-6,16884
978-1-2596585-7-0,16884
978-0-262-51115-5,16885
978-0-7653-2311-8,16885
** E BOOK **,17206
** E BOOK **,17206
978-0-205-84957-4,17206
** E BOOK **,17209
** E BOOK **,17209
978-0-13-212695-3,17209
** E BOOK **,17210
** E BOOK **,17210
978-0-13-212695-3,17210
** E BOOK **,17285
** E BOOK **,17285
978-0-8493-3407-8,17285
** E BOOK **,17341
** E BOOK **,17341
978-1-1185549-3-7,17341
978-1-8913895-0-4,17370
978-1-8913895-2-8,17370
978-1-6172914-1-8,17595
** E BOOK **,17601
** E BOOK **,17601
978-0-13-191835-1,17601
978-1-4641244-9-5,17621
978-1-4641245-2-5,17621
978-0-321-91678-5,17636
978-0-321-91678-5,17637
** E BOOK **,17638
** E BOOK **,17638
978-0-13-305878-9,17638
978-0-13-610268-7,17638
** E BOOK **,17640
** E BOOK **,17640
978-0-86547-587-8,17640
978-1-6035837-1-8,17640
** E BOOK **,17641
** E BOOK **,17641
978-0-86547-587-8,17641
978-1-6035837-1-8,17641
** E BOOK **,17643
** E BOOK **,17643
978-0-13-305878-9,17643
978-0-13-610268-7,17643
978-1-2697743-4-5,17644
** E BOOK **,17645
** E BOOK **,17645
978-0-86547-587-8,17645
978-1-6035837-1-8,17645
** E BOOK **,17646
** E BOOK **,17646
978-0-86547-587-8,17646
978-1-6035837-1-8,17646
978-1-4419225-7-1,17652
978-0-534-40977-7,17653
978-0-534-40977-7,17655
978-0-07-338032-2,17666
** E BOOK **,17668
** E BOOK **,17668
978-1-4398115-1-1,17668
978-1-9337428-5-4,17673
978-1-9337428-5-4,17674
** E BOOK **,17677
** E BOOK **,17677
978-0-13-247398-9,17677
** E BOOK **,17678
** E BOOK **,17678
978-0-13-247398-9,17678
978-0-13-378367-4,17694
978-0-13-378376-6,17694
978-1-4240062-5-0,17750
978-1-1213301-7-7,17768
978-0-201-70353-5,17769
978-0-201-70353-5,17770
978-0-201-70353-5,17771
978-1-6196092-4-2,17801
978-1-6196092-4-2,17802
978-0-521-18789-3,17812
978-0-87580-583-2,17829
978-0-275-98395-6,17831
978-0-312-53663-3,17831
978-0-8135-2492-4,17831
** E BOOK **,17837
** E BOOK **,17837
978-0-393-91959-2,17837
** E BOOK **,17851
978-0-06-099506-5,17851
978-0-531-15576-9,17851
978-0-684-82680-6,17851
None,17857
** E BOOK **,17859
** E BOOK **,17859
** E BOOK **,17859
978-0-385-33378-8,17859
978-0-393-97779-0,17859
978-0-451-53116-2,17859
978-0-486-29988-4,17859
** E BOOK **,17861
** E BOOK **,17861
978-0-14-044944-0,17861
978-0-375-75341-1,17861
978-0-393-95849-2,17861
978-0-87220-402-7,17861
978-0-205-03213-6,17871
978-0-321-91678-5,17881
** E BOOK **,17913
** E BOOK **,17913
978-1-2858569-1-9,17913
** E BOOK **,17926
** E BOOK **,17926
978-0-07-802553-2,17926
978-0-521-18789-3,17930
** E BOOK **,18273
** E BOOK **,18273
978-0-13-349659-8,18273
978-0-13-416219-5,18279
** E BOOK **,18301
** E BOOK **,18301
978-0-13-187325-4,18301
** E BOOK **,18302
** E BOOK **,18302
978-0-13-187325-4,18302
** E BOOK **,18303
** E BOOK **,18303
978-0-13-187325-4,18303
None,18310
** E BOOK **,18331
** E BOOK **,18331
978-0-07-772059-9,18331
** E BOOK **,18332
** E BOOK **,18332
978-0-07-772059-9,18332
** E BOOK **,18333
** E BOOK **,18333
978-0-07-772059-9,18333
** E BOOK **,18334
** E BOOK **,18334
978-0-07-772059-9,18334
** E BOOK **,18335
** E BOOK **,18335
978-1-2858675-7-1,18335
978-1-4959865-6-7,18335
978-1-5121282-6-0,18335
** E BOOK **,18336
** E BOOK **,18336
978-1-2858675-7-1,18336
978-1-4959865-6-7,18336
978-1-5121282-6-0,18336
None,18337
None,18338
None,18339
None,18340
** E BOOK **,18343
** E BOOK **,18343
** E BOOK **,18343
978-0-07-352342-2,18343
978-0-385-51207-7,18343
** E BOOK **,18344
** E BOOK **,18344
** E BOOK **,18344
978-0-07-352342-2,18344
978-0-385-51207-7,18344
None,18357
None,18358
** E BOOK **,18361
** E BOOK **,18361
978-0-07-338067-4,18361
None,18361
None,18364
None,18365
None,18366
978-1-2840453-1-4,18391
** E BOOK **,18409
** E BOOK **,18409
978-1-2858569-1-9,18409
** E BOOK **,18414
** E BOOK **,18414
978-0-12-384654-9,18414
978-0-8218-6889-8,18414
** E BOOK **,18422
** E BOOK **,18422
978-0-470-52780-1,18422
978-1-6172914-1-8,18519
978-0-07-246750-5,18520
978-0-07-246750-5,18521
978-0-13-110362-7,18522
978-0-13-409266-9,18522
978-0-13-110362-7,18523
978-0-13-409266-9,18523
978-0-201-64865-2,18533
978-0-201-64865-2,18534
978-0-201-64865-2,18535
978-1-2840453-1-4,18548
978-1-2840453-1-4,18551
978-1-2840453-1-4,18552
978-1-2840453-1-4,18553
978-1-2840453-1-4,18554
978-1-2840453-1-4,18555
978-0-415-62955-3,18556
978-1-5776657-6-2,18556
978-1-5931117-6-2,18556
978-1-3085820-0-9,18557
978-1-3085820-0-9,18558
** E BOOK **,18560
978-1-4292750-3-3,18560
978-1-4641064-1-5,18560
978-0-226-14763-5,18577
** E BOOK **,18580
** E BOOK **,18580
** E BOOK **,18580
** E BOOK **,18580
978-0-226-14409-2,18580
978-0-226-53874-7,18580
978-0-226-58146-0,18580
978-0-465-04454-2,18580
978-0-8014-8445-2,18580
978-1-5944829-1-5,18580
978-1-1199298-5-7,18587
978-0-321-92784-2,18589
** E BOOK **,18590
** E BOOK **,18590
** E BOOK **,18590
** E BOOK **,18590
978-0-393-17493-9,18590
978-0-393-17500-4,18590
978-0-393-17503-5,18590
978-0-393-92631-6,18590
978-0-393-92969-0,18590
978-0-393-92979-9,18590
978-0-393-93003-0,18590
978-0-393-93004-7,18590
978-1-4641201-5-2,18590
** E BOOK **,18591
** E BOOK **,18591
** E BOOK **,18591
** E BOOK **,18591
978-0-393-17493-9,18591
978-0-393-17500-4,18591
978-0-393-17503-5,18591
978-0-393-92631-6,18591
978-0-393-92969-0,18591
978-0-393-92979-9,18591
978-0-393-93003-0,18591
978-0-393-93004-7,18591
978-1-4641201-5-2,18591
** E BOOK **,18592
** E BOOK **,18592
** E BOOK **,18592
** E BOOK **,18592
978-0-393-17493-9,18592
978-0-393-17500-4,18592
978-0-393-17503-5,18592
978-0-393-92631-6,18592
978-0-393-92969-0,18592
978-0-393-92979-9,18592
978-0-393-93003-0,18592
978-0-393-93004-7,18592
978-1-4641201-5-2,18592
** E BOOK **,18593
** E BOOK **,18593
** E BOOK **,18593
** E BOOK **,18593
978-0-393-17493-9,18593
978-0-393-17500-4,18593
978-0-393-17503-5,18593
978-0-393-92631-6,18593
978-0-393-92969-0,18593
978-0-393-92980-5,18593
978-0-393-93003-0,18593
978-0-393-93004-7,18593
978-1-4641201-5-2,18593
** E BOOK **,18594
** E BOOK **,18594
** E BOOK **,18594
** E BOOK **,18594
978-0-393-17493-9,18594
978-0-393-17500-4,18594
978-0-393-17503-5,18594
978-0-393-92631-6,18594
978-0-393-92969-0,18594
978-0-393-92980-5,18594
978-0-393-93003-0,18594
978-0-393-93004-7,18594
978-1-4641201-5-2,18594
** E BOOK **,18595
** E BOOK **,18595
** E BOOK **,18595
** E BOOK **,18595
978-0-393-17493-9,18595
978-0-393-17500-4,18595
978-0-393-17503-5,18595
978-0-393-92631-6,18595
978-0-393-92969-0,18595
978-0-393-92980-5,18595
978-0-393-93003-0,18595
978-0-393-93004-7,18595
978-1-4641201-5-2,18595
** E BOOK **,18596
** E BOOK **,18596
** E BOOK **,18596
** E BOOK **,18596
978-0-393-17493-9,18596
978-0-393-17500-4,18596
978-0-393-17503-5,18596
978-0-393-92631-6,18596
978-0-393-92969-0,18596
978-0-393-92980-5,18596
978-0-393-93003-0,18596
978-0-393-93004-7,18596
978-1-4641201-5-2,18596
978-0-521-89351-0,18602
978-0-13-139506-0,18604
978-0-13-139506-0,18605
** E BOOK **,18608
** E BOOK **,18608
978-0-13-312874-1,18608
** E BOOK **,18611
** E BOOK **,18611
** E BOOK **,18611
** E BOOK **,18611
978-0-13-604302-7,18611
978-1-4292341-4-6,18611
978-1-4511900-6-9,18611
978-1-5558144-3-4,18612
978-1-5558144-3-4,18613
978-0-8153-4432-2,18616
978-0-8153-4432-2,18617
** E BOOK **,18619
** E BOOK **,18619
978-1-4200621-0-6,18619
978-0-13-403817-9,18624
978-0-13-403817-9,18625
978-0-13-403817-9,18626
978-0-13-403817-9,18627
978-0-12-404737-2,18654
978-0-12-407814-7,18654
978-0-12-404737-2,18655
978-0-12-407814-7,18655
978-0-12-404737-2,18656
978-0-12-407814-7,18656
** E BOOK **,18663
** E BOOK **,18663
978-0-205-95925-9,18663
** E BOOK **,18664
978-1-4292422-8-8,18664
** E BOOK **,18665
** E BOOK **,18665
978-0-205-87186-5,18665
978-1-1181209-4-1,18666
978-0-8058-6474-8,18668
978-1-1184735-0-4,18671
978-0-88385-762-5,18672
** E BOOK **,18673
** E BOOK **,18673
978-0-321-79705-6,18673
978-0-521-60793-3,18677
** E BOOK **,18678
** E BOOK **,18678
978-0-13-312874-1,18678
** E BOOK **,18679
** E BOOK **,18679
978-0-13-312874-1,18679
978-0-558-97712-2,18680
978-1-6042706-1-7,18680
** E BOOK **,18681
** E BOOK **,18681
978-0-07-772059-9,18681
** E BOOK **,18683
** E BOOK **,18683
978-0-07-772059-9,18683
** E BOOK **,18684
** E BOOK **,18684
978-0-13-312874-1,18684
** E BOOK **,18685
** E BOOK **,18685
978-0-13-312874-1,18685
** E BOOK **,18691
** E BOOK **,18691
978-0-12-375114-0,18691
978-0-470-18548-3,18691
978-1-5925358-7-3,18691
** E BOOK **,18692
978-0-205-78671-8,18692
978-0-226-10420-1,18692
978-0-226-73425-5,18692
978-0-8142-5179-9,18693
** E BOOK **,18694
978-0-205-78671-8,18694
978-0-226-10420-1,18694
978-0-226-73425-5,18694
** E BOOK **,18695
** E BOOK **,18695
978-0-12-375114-0,18695
978-0-470-18548-3,18695
978-1-5925358-7-3,18695
978-0-19-934936-4,18697
** E BOOK **,18702
978-0-14-311493-2,18702
978-0-312-62668-6,18702
978-1-9363655-0-0,18702
** E BOOK **,18703
978-0-14-311493-2,18703
978-0-312-62668-6,18703
978-1-9363655-0-0,18703
** E BOOK **,18709
978-0-316-19701-4,18709
978-0-553-21241-9,18709
978-1-2500557-0-5,18709
978-1-6059865-8-6,18709
978-0-495-50237-1,18711
** E BOOK **,18713
978-0-470-57143-9,18713
** E BOOK **,18736
978-0-06-085113-2,18736
978-1-8857050-2-0,18736
** E BOOK **,18737
** E BOOK **,18737
978-0-13-375888-7,18737
978-0-470-42225-0,18741
978-0-13-089568-4,18752
** E BOOK **,18753
** E BOOK **,18753
978-0-07-326320-5,18753
978-0-07-338057-5,18753
978-0-13-042182-1,18753
None,18754
978-0-19-933913-6,18755
978-0-07-229135-3,18756
None,18756
978-0-13-225113-6,18757
978-0-13-225113-6,18758
978-0-13-225113-6,18759
978-0-13-225113-6,18760
978-0-9845438-0-9,18761
** E BOOK **,18762
** E BOOK **,18762
978-0-321-54774-3,18762
978-0-13-042232-3,18764
978-0-13-042232-3,18765
978-0-13-042232-3,18766
978-0-8247-2569-3,18770
978-0-8247-2569-3,18771
978-0-8247-2569-3,18772
978-1-4496917-2-1,18798
978-1-1076135-7-7,18811
978-1-1076135-7-7,18812
978-1-1076135-7-7,18813
978-1-4240062-5-0,18814
978-1-4240062-5-0,18816
978-1-1213301-7-7,18818
** E BOOK **,18821
** E BOOK **,18821
978-0-13-611058-3,18821
978-0-470-97981-5,18861
978-0-470-97981-5,18862
** E BOOK **,18866
** E BOOK **,18866
978-0-13-312874-1,18866
** E BOOK **,18870
978-0-393-70443-3,18870
978-1-6091850-4-6,18870
** E BOOK **,18871
** E BOOK **,18871
** E BOOK **,18871
** E BOOK **,18871
** E BOOK **,18871
** E BOOK **,18871
978-0-13-285103-9,18871
978-0-8261-1832-5,18871
978-1-2850653-5-9,18871
978-1-4528795-9-8,18886
978-1-4641244-9-5,18898
978-1-4641245-2-5,18898
978-1-4641244-9-5,18899
978-1-4641245-2-5,18899
978-1-6042705-5-6,18980
